{
  "cssr_results": {
    "num_causal_states": 1,
    "total_histories_assigned": 131,
    "total_histories_observed": 925,
    "coverage": 0.14162162162162162,
    "causal_states": [
      {
        "state_id": 0,
        "num_histories": 131,
        "total_observations": 703,
        "next_symbol_distribution": {
          "1": 0.5149359886201992,
          "0": 0.4850640113798009
        },
        "sample_histories": [
          "00010",
          "0000000100",
          "1010000100",
          "0011111",
          "0001101010"
        ]
      }
    ]
  },
  "evaluation": {
    "accuracy": 0.5452380952380952,
    "num_states_discovered": 1,
    "coverage": 0.14162162162162162,
    "predictions_made": 420
  },
  "converged": true,
  "parameters": {
    "significance_level": 0.05,
    "min_count": 3,
    "test_type": "chi_square"
  }
}