{
  "accuracy": 0.5414282539700629,
  "perplexity": 2.445608782798827,
  "total_predictions": 4387525,
  "correct_predictions": 2375530,
  "cache_hits": 4311342,
  "cache_misses": 76183,
  "cache_hit_rate": 0.9826364522139475
}