{
  "length_statistics": {
    "count": 2500,
    "mean": 60.496,
    "std": 23.11466166743524,
    "min": 20,
    "max": 100,
    "median": 61.0,
    "distribution": {
      "34": 35,
      "23": 30,
      "55": 33,
      "51": 37,
      "48": 35,
      "37": 33,
      "33": 31,
      "89": 36,
      "31": 31,
      "95": 26,
      "74": 32,
      "24": 28,
      "47": 31,
      "49": 27,
      "84": 37,
      "97": 35,
      "91": 31,
      "45": 22,
      "73": 35,
      "77": 34,
      "20": 23,
      "40": 34,
      "63": 31,
      "39": 37,
      "68": 33,
      "32": 29,
      "65": 24,
      "64": 30,
      "53": 31,
      "25": 36,
      "78": 41,
      "88": 32,
      "35": 29,
      "30": 36,
      "90": 39,
      "57": 30,
      "100": 27,
      "99": 28,
      "66": 32,
      "93": 34,
      "44": 30,
      "28": 35,
      "67": 36,
      "46": 19,
      "54": 30,
      "29": 34,
      "41": 20,
      "79": 34,
      "61": 33,
      "27": 30,
      "60": 31,
      "71": 34,
      "92": 28,
      "83": 26,
      "70": 24,
      "38": 27,
      "94": 30,
      "85": 28,
      "26": 32,
      "96": 31,
      "69": 25,
      "87": 33,
      "52": 27,
      "21": 19,
      "75": 30,
      "42": 26,
      "58": 35,
      "82": 28,
      "22": 23,
      "59": 32,
      "50": 39,
      "36": 36,
      "80": 37,
      "76": 41,
      "86": 21,
      "62": 32,
      "72": 30,
      "43": 22,
      "81": 26,
      "56": 40,
      "98": 31
    }
  },
  "ngram_analysis": {
    "1_gram": {
      "total_count": 151240,
      "unique_count": 2,
      "diversity_ratio": 1.3224014810896588e-05,
      "most_frequent": [
        [
          "1",
          75820
        ],
        [
          "0",
          75420
        ]
      ],
      "entropy": 0.999994954180685
    },
    "2_gram": {
      "total_count": 148740,
      "unique_count": 4,
      "diversity_ratio": 2.6892564205997043e-05,
      "most_frequent": [
        [
          "11",
          37323
        ],
        [
          "10",
          37254
        ],
        [
          "01",
          37253
        ],
        [
          "00",
          36910
        ]
      ],
      "entropy": 1.9999864085412518
    },
    "3_gram": {
      "total_count": 146240,
      "unique_count": 8,
      "diversity_ratio": 5.4704595185995626e-05,
      "most_frequent": [
        [
          "111",
          18452
        ],
        [
          "010",
          18369
        ],
        [
          "101",
          18362
        ],
        [
          "110",
          18261
        ],
        [
          "100",
          18253
        ],
        [
          "011",
          18251
        ],
        [
          "001",
          18249
        ],
        [
          "000",
          18043
        ]
      ],
      "entropy": 2.9999720932538887
    },
    "4_gram": {
      "total_count": 143740,
      "unique_count": 16,
      "diversity_ratio": 0.00011131209127591484,
      "most_frequent": [
        [
          "1111",
          9132
        ],
        [
          "1010",
          9057
        ],
        [
          "1001",
          9050
        ],
        [
          "0101",
          9042
        ],
        [
          "1110",
          9026
        ],
        [
          "0100",
          9013
        ],
        [
          "1101",
          9011
        ],
        [
          "0010",
          9006
        ],
        [
          "0111",
          9000
        ],
        [
          "1011",
          8990
        ]
      ],
      "entropy": 3.999952563177529
    },
    "5_gram": {
      "total_count": 141240,
      "unique_count": 32,
      "diversity_ratio": 0.00022656471254602095,
      "most_frequent": [
        [
          "11101",
          4526
        ],
        [
          "10100",
          4510
        ],
        [
          "11110",
          4507
        ],
        [
          "10010",
          4490
        ],
        [
          "11111",
          4483
        ],
        [
          "01111",
          4482
        ],
        [
          "01001",
          4475
        ],
        [
          "10111",
          4473
        ],
        [
          "01010",
          4466
        ],
        [
          "00101",
          4464
        ]
      ],
      "entropy": 4.999880570077434
    },
    "6_gram": {
      "total_count": 138740,
      "unique_count": 64,
      "diversity_ratio": 0.0004612945077122675,
      "most_frequent": [
        [
          "101111",
          2263
        ],
        [
          "111101",
          2255
        ],
        [
          "101001",
          2251
        ],
        [
          "011110",
          2240
        ],
        [
          "111011",
          2239
        ],
        [
          "010100",
          2229
        ],
        [
          "010111",
          2222
        ],
        [
          "111111",
          2220
        ],
        [
          "111010",
          2219
        ],
        [
          "110100",
          2211
        ]
      ],
      "entropy": 5.99975986725338
    }
  },
  "run_length_analysis": {
    "mean_run_length": 1.9639773007648655,
    "std_run_length": 1.381203686263379,
    "max_run_length": 15,
    "run_length_distribution": {
      "1": 39269,
      "3": 9364,
      "2": 19222,
      "4": 4711,
      "6": 1096,
      "5": 2261,
      "11": 31,
      "7": 529,
      "8": 264,
      "10": 61,
      "9": 158,
      "12": 23,
      "13": 9,
      "15": 3,
      "14": 6
    }
  },
  "autocorrelation": {
    "lag_1": 0.01720586607825629,
    "lag_2": -0.06310890866827562,
    "lag_3": 0.03588508577229124,
    "lag_4": -0.15435152766522348,
    "lag_5": 0.016313028679676562
  },
  "periodicity_analysis": {
    "mean_periodicity": 0.6004298279130198,
    "period_distribution": {
      "5": 7,
      "3": 5,
      "4": 5,
      "6": 2,
      "2": 1
    },
    "highly_periodic_sequences": 1
  }
}