{
  "overall_score": 0.9879529923617616,
  "issues": [],
  "entropy_validation": {
    "score": 0.9638589770852848,
    "issues": [],
    "comparisons": {
      "1": {
        "theoretical": 1.0,
        "empirical": 0.9999979150277816,
        "relative_error": 2.084972218430181e-06
      },
      "10": {
        "theoretical": 0.8677396647060184,
        "empirical": 0.805019475706817,
        "relative_error": 0.07227996085721214
      }
    },
    "mean_consistency": 0.9638589770852848
  },
  "symbol_validation": {
    "score": 1.0,
    "issues": [],
    "symbol_frequencies": {
      "0": 0.5441081966306887,
      "1": 0.45589180336931134
    },
    "expected_frequency": 0.5,
    "balance_score": 1.0
  },
  "machine_validation": {
    "score": 1.0,
    "issues": [],
    "machine_counts": {
      "1": 5000,
      "10": 1500
    },
    "machine_frequencies": {
      "1": 0.7692307692307693,
      "10": 0.23076923076923078
    },
    "balance_score": 1.0
  }
}