{
  "accuracy": 0.5417402749841881,
  "perplexity": 2.208561784346436,
  "total_predictions": 4387525,
  "correct_predictions": 2376899,
  "cache_hits": 4317330,
  "cache_misses": 70195,
  "cache_hit_rate": 0.9840012307622179
}